{
  "IdleLeft": {
    "Frame0": [ 212.0, 200.0, 239.0, 254.0 ],
    "NumFrames": 1,
    "Repeating": true,
    "SecsPerFrame": 0.10000000149011612
  },
  "IdleRight": {
    "Frame0": [ 209.0, 72.0, 236.0, 126.0 ],
    "NumFrames": 1,
    "Repeating": true,
    "SecsPerFrame": 0.10000000149011612
  },
  "WalkLeft": {
    "Frame0": [ 19.0, 135.0, 48.0, 189.0 ],
    "Frame1": [ 81.0, 135.0, 114.0, 190.0 ],
    "Frame2": [ 147.0, 135.0, 176.0, 190.0 ],
    "Frame3": [ 212.0, 135.0, 239.0, 187.0 ],
    "Frame4": [ 275.0, 135.0, 304.0, 189.0 ],
    "Frame5": [ 337.0, 135.0, 370.0, 190.0 ],
    "Frame6": [ 403.0, 135.0, 432.0, 190.0 ],
    "Frame7": [ 468.0, 135.0, 495.0, 187.0 ],
    "NumFrames": 8,
    "Repeating": true,
    "SecsPerFrame": 0.05000000074505806
  },
  "WalkRight": {
    "Frame0": [ 16.0, 7.0, 45.0, 61.0 ],
    "Frame1": [ 78.0, 7.0, 111.0, 62.0 ],
    "Frame2": [ 144.0, 7.0, 173.0, 62.0 ],
    "Frame3": [ 209.0, 7.0, 236.0, 59.0 ],
    "Frame4": [ 272.0, 7.0, 301.0, 61.0 ],
    "Frame5": [ 334.0, 7.0, 367.0, 62.0 ],
    "Frame6": [ 400.0, 7.0, 429.0, 62.0 ],
    "Frame7": [ 465.0, 7.0, 492.0, 59.0 ],
    "NumFrames": 8,
    "Repeating": true,
    "SecsPerFrame": 0.05000000074505806
  }
}